,,signal,entry_time,exit_time,side,entry,stop,target,exit,r
none,0,2024-05-22 16:00:00+00:00,2024-05-23 00:00:00+00:00,2024-05-23 12:00:00+00:00,-1,2385.300048828125,2400.7071358816966,2354.485874720982,2354.485874720982,1.9077089801517602
none,1,2024-06-07 16:00:00+00:00,2024-06-07 20:00:00+00:00,2024-06-12 12:00:00+00:00,-1,2322.10009765625,2339.6358468191966,2287.028599330357,2339.6358468191966,-1.0797525540738082
none,2,2024-06-20 12:00:00+00:00,2024-06-21 12:00:00+00:00,2024-06-21 12:00:00+00:00,1,2359.199951171875,2348.2070835658483,2381.1856863839284,2348.2070835658483,-1.128467126234385
none,3,2024-06-26 12:00:00+00:00,2024-06-27 08:00:00+00:00,2024-06-27 08:00:00+00:00,-1,2315.699951171875,2326.935616629464,2293.2286202566966,2326.935616629464,-1.1239615646796985
none,4,2024-07-05 12:00:00+00:00,2024-07-08 08:00:00+00:00,2024-07-08 12:00:00+00:00,1,2376.300048828125,2363.835710797991,2401.228724888393,2363.835710797991,-1.1140887485921738
none,5,2024-07-15 12:00:00+00:00,2024-07-15 16:00:00+00:00,2024-07-16 12:00:00+00:00,1,2430.39990234375,2416.6285400390625,2457.942626953125,2457.942626953125,1.8935106980454728
none,6,2024-07-16 16:00:00+00:00,2024-07-17 00:00:00+00:00,2024-07-17 16:00:00+00:00,1,2470.199951171875,2456.9785679408483,2496.6427176339284,2456.9785679408483,-1.1118002201361974
none,7,2024-07-19 12:00:00+00:00,2024-07-21 20:00:00+00:00,2024-07-24 12:00:00+00:00,-1,2410.60009765625,2425.37149483817,2381.0573032924103,2425.37149483817,-1.0982162661988462
none,8,2024-07-25 12:00:00+00:00,2024-07-26 00:00:00+00:00,2024-07-26 12:00:00+00:00,-1,2365.10009765625,2380.7286551339284,2333.842982700893,2380.7286551339284,-1.0910991707245232
none,9,2024-07-31 16:00:00+00:00,2024-08-01 08:00:00+00:00,2024-08-02 12:00:00+00:00,1,2474.199951171875,2450.7713623046875,2521.05712890625,2521.05712890625,1.9360363898774013
none,10,2024-08-05 08:00:00+00:00,2024-08-05 16:00:00+00:00,2024-08-12 04:00:00+00:00,-1,2453.10009765625,2477.142909458705,2405.0144740513397,2477.142909458705,-1.0615182997016783
none,11,2024-08-12 16:00:00+00:00,2024-08-13 04:00:00+00:00,2024-08-14 12:00:00+00:00,1,2500.300048828125,2490.185791015625,2520.528564453125,2490.185791015625,-1.148023293424737
none,12,2024-08-16 16:00:00+00:00,2024-08-19 00:00:00+00:00,2024-08-20 12:00:00+00:00,1,2538.699951171875,2523.128574916295,2569.8427036830353,2569.8427036830353,1.9015782053363932
none,13,2024-08-22 12:00:00+00:00,2024-08-23 00:00:00+00:00,2024-08-23 12:00:00+00:00,-1,2523.699951171875,2538.4642333984375,2494.17138671875,2538.4642333984375,-1.1028596739121448
none,14,2024-09-03 08:00:00+00:00,2024-09-03 12:00:00+00:00,2024-09-05 04:00:00+00:00,-1,2522.10009765625,2534.264421735491,2497.771449497768,2534.264421735491,-1.1247014915038482
none,15,2024-09-18 16:00:00+00:00,2024-09-19 00:00:00+00:00,2024-09-19 04:00:00+00:00,-1,2587.300048828125,2600.8214808872767,2560.2571847098216,2600.8214808872767,-1.1151088473547575
none,16,2024-09-20 12:00:00+00:00,2024-09-23 00:00:00+00:00,2024-09-24 16:00:00+00:00,1,2640.699951171875,2623.314226422991,2675.471400669643,2675.471400669643,1.9082666136391684
none,17,2024-09-26 08:00:00+00:00,2024-09-26 12:00:00+00:00,2024-09-26 12:00:00+00:00,1,2694.89990234375,2681.414236886161,2721.8712332589284,2681.414236886161,-1.1196006416473352
none,18,2024-10-11 12:00:00+00:00,2024-10-11 16:00:00+00:00,2024-10-15 04:00:00+00:00,1,2672.39990234375,2659.964198521205,2697.2713099888397,2659.964198521205,-1.1286384150898925
none,19,2024-10-17 12:00:00+00:00,2024-10-17 16:00:00+00:00,2024-10-18 04:00:00+00:00,1,2704.199951171875,2692.4285714285716,2727.742710658482,2727.742710658482,1.8615639938490514
none,20,2024-10-18 12:00:00+00:00,2024-10-18 16:00:00+00:00,2024-10-21 12:00:00+00:00,1,2729.300048828125,2717.2572195870534,2753.385707310268,2753.385707310268,1.8634203230888653
none,21,2024-10-29 16:00:00+00:00,2024-10-30 12:00:00+00:00,2024-10-31 12:00:00+00:00,1,2784.0,2771.964285714286,2808.0714285714284,2771.964285714286,-1.1384869436201788
none,22,2024-11-06 08:00:00+00:00,2024-11-06 12:00:00+00:00,2024-11-06 16:00:00+00:00,-1,2709.800048828125,2725.050048828125,2679.300048828125,2679.300048828125,1.8939849161116804
none,23,2024-11-19 08:00:00+00:00,2024-11-19 12:00:00+00:00,2024-11-20 16:00:00+00:00,1,2630.60009765625,2616.792898995536,2658.2144949776784,2658.2144949776784,1.885085713852682
none,24,2024-11-25 16:00:00+00:00,2024-11-25 20:00:00+00:00,2024-11-27 08:00:00+00:00,-1,2627.300048828125,2651.2928466796875,2579.314453125,2651.2928466796875,-1.0660022177675796
none,25,2024-12-09 12:00:00+00:00,2024-12-09 16:00:00+00:00,2024-12-11 12:00:00+00:00,1,2682.5,2649.700038364955,2748.0999232700897,2748.0999232700897,1.950329820653194
none,26,2024-12-18 16:00:00+00:00,2024-12-19 04:00:00+00:00,2024-12-20 12:00:00+00:00,-1,2632.5,2650.564296177455,2596.3714076450897,2650.564296177455,-1.087737671774407
none,27,2024-12-30 12:00:00+00:00,2024-12-30 16:00:00+00:00,2024-12-31 12:00:00+00:00,-1,2621.300048828125,2632.0571812220983,2599.7857840401784,2632.0571812220983,-1.1465081130634807
none,28,2025-01-02 08:00:00+00:00,2025-01-02 12:00:00+00:00,2025-01-03 00:00:00+00:00,1,2653.89990234375,2642.6213727678573,2676.4569614955353,2676.4569614955353,1.8582167073826892
none,29,2025-01-08 12:00:00+00:00,2025-01-08 16:00:00+00:00,2025-01-10 08:00:00+00:00,1,2678.5,2664.5999930245534,2706.300013950893,2706.300013950893,1.883781352985014
none,30,2025-01-10 12:00:00+00:00,2025-01-13 00:00:00+00:00,2025-01-13 12:00:00+00:00,1,2711.39990234375,2697.6142054966517,2738.9712960379466,2697.6142054966517,-1.1177092641997042
none,31,2025-01-16 00:00:00+00:00,2025-01-16 04:00:00+00:00,2025-01-16 12:00:00+00:00,1,2725.199951171875,2713.314208984375,2748.971435546875,2748.971435546875,1.8618301331032783
none,32,2025-01-30 12:00:00+00:00,2025-01-30 16:00:00+00:00,2025-01-30 20:00:00+00:00,1,2819.199951171875,2803.507062639509,2850.585728236607,2850.585728236607,1.8916110504248829
none,33,2025-02-05 08:00:00+00:00,2025-02-05 12:00:00+00:00,2025-02-06 12:00:00+00:00,1,2890.5,2861.8500453404017,2947.7999093191966,2861.8500453404017,-1.0602341272126228
none,34,2025-02-10 08:00:00+00:00,2025-02-10 12:00:00+00:00,2025-02-11 00:00:00+00:00,1,2922.0,2905.4571707589284,2955.085658482143,2955.085658482143,1.8934205466397938
none,35,2025-02-25 12:00:00+00:00,2025-02-25 20:00:00+00:00,2025-02-27 08:00:00+00:00,-1,2930.10009765625,2947.092930385045,2896.1144321986603,2896.1144321986603,1.8971410837232179
none,36,2025-02-27 12:00:00+00:00,2025-02-27 16:00:00+00:00,2025-02-28 12:00:00+00:00,-1,2889.39990234375,2908.2498953683034,2851.699916294643,2851.699916294643,1.9086296772975957
none,37,2025-03-04 08:00:00+00:00,2025-03-04 12:00:00+00:00,2025-03-06 08:00:00+00:00,1,2919.199951171875,2901.3285609654017,2954.9427315848216,2901.3285609654017,-1.0977069233824182
none,38,2025-03-10 16:00:00+00:00,2025-03-11 00:00:00+00:00,2025-03-11 08:00:00+00:00,-1,2897.60009765625,2912.0215192522323,2868.7572544642853,2912.0215192522323,-1.1208539999661404
none,39,2025-03-13 16:00:00+00:00,2025-03-14 12:00:00+00:00,2025-03-18 00:00:00+00:00,1,2990.89990234375,2976.349923270089,3019.9998604910716,3019.9998604910716,1.8760637441661459
none,40,2025-03-18 12:00:00+00:00,2025-03-18 16:00:00+00:00,2025-03-20 00:00:00+00:00,1,3038.0,3025.97860281808,3062.0427943638397,3062.0427943638397,1.8477703705637905
none,41,2025-03-21 12:00:00+00:00,2025-03-21 16:00:00+00:00,2025-03-24 04:00:00+00:00,-1,3016.60009765625,3032.6857561383927,2984.4287806919647,3032.6857561383927,-1.112820109798617
none,42,2025-03-27 08:00:00+00:00,2025-03-27 12:00:00+00:00,2025-03-28 00:00:00+00:00,1,3047.0,3033.9214390345983,3073.1571219308034,3073.1571219308034,1.8596139788286836
none,43,2025-03-28 04:00:00+00:00,2025-03-28 08:00:00+00:00,2025-03-28 12:00:00+00:00,1,3087.39990234375,3071.3927699497767,3119.4141671316966,3119.4141671316966,1.883674091335454
none,44,2025-03-31 00:00:00+00:00,2025-03-31 04:00:00+00:00,2025-04-02 20:00:00+00:00,1,3128.300048828125,3098.3143310546875,3188.271484375,3188.271484375,1.936804198776273
none,45,2025-04-04 12:00:00+00:00,2025-04-04 16:00:00+00:00,2025-04-09 16:00:00+00:00,-1,3052.0,3113.314278738839,2929.3714425223216,3113.314278738839,-1.0301658002290097
none,46,2025-04-10 12:00:00+00:00,2025-04-10 16:00:00+00:00,2025-04-11 08:00:00+00:00,1,3149.39990234375,3100.528494698661,3247.1427176339284,3247.1427176339284,1.9607344482498015
none,47,2025-04-11 12:00:00+00:00,2025-04-11 16:00:00+00:00,2025-04-14 08:00:00+00:00,1,3255.89990234375,3206.207048688616,3355.285609654018,3206.207048688616,-1.0390122913601163
none,48,2025-04-16 08:00:00+00:00,2025-04-16 12:00:00+00:00,2025-04-21 00:00:00+00:00,1,3317.800048828125,3288.342930385045,3376.7142857142853,3376.7142857142853,1.9318210875159614
none,49,2025-04-21 12:00:00+00:00,2025-04-21 16:00:00+00:00,2025-04-22 00:00:00+00:00,1,3417.300048828125,3388.42147391183,3475.0571986607147,3475.0571986607147,1.928399958092117
none,50,2025-04-23 12:00:00+00:00,2025-04-23 16:00:00+00:00,2025-04-24 00:00:00+00:00,-1,3296.39990234375,3344.04989188058,3201.0999232700897,3344.04989188058,-1.0418076679057298
none,51,2025-05-06 12:00:00+00:00,2025-05-06 20:00:00+00:00,2025-05-07 00:00:00+00:00,1,3395.0,3367.564296177455,3449.8714076450897,3367.564296177455,-1.0739463183439868
none,52,2025-05-12 04:00:00+00:00,2025-05-12 12:00:00+00:00,2025-05-14 16:00:00+00:00,-1,3251.5,3289.335763113839,3175.8284737723216,3175.8284737723216,1.9490376727349152
none,53,2025-05-15 04:00:00+00:00,2025-05-15 08:00:00+00:00,2025-05-15 08:00:00+00:00,-1,3150.89990234375,3176.5784912109375,3099.542724609375,3176.5784912109375,-1.07392320223998
none,54,2025-05-21 00:00:00+00:00,2025-05-21 04:00:00+00:00,2025-05-22 12:00:00+00:00,1,3307.89990234375,3281.03564453125,3361.62841796875,3281.03564453125,-1.0735803191682722
none,55,2025-05-23 12:00:00+00:00,2025-05-25 20:00:00+00:00,2025-05-26 08:00:00+00:00,1,3350.60009765625,3325.750069754464,3400.3001534598216,3325.750069754464,-1.0805997103157892
none,56,2025-06-02 12:00:00+00:00,2025-06-03 00:00:00+00:00,2025-06-03 12:00:00+00:00,1,3385.60009765625,3361.735857282366,3433.328578404018,3361.735857282366,-1.0848215050958327
none,57,2025-06-12 08:00:00+00:00,2025-06-12 12:00:00+00:00,2025-06-13 00:00:00+00:00,1,3398.39990234375,3373.4427664620534,3448.314174107143,3448.314174107143,1.9176983195238493
none,58,2025-06-24 04:00:00+00:00,2025-06-25 00:00:00+00:00,2025-06-27 04:00:00+00:00,-1,3347.0,3370.471435546875,3300.05712890625,3300.05712890625,1.9150406827614184
none,59,2025-06-27 12:00:00+00:00,2025-06-27 16:00:00+00:00,2025-06-29 20:00:00+00:00,-1,3287.60009765625,3305.942940848214,3250.9144112723216,3250.9144112723216,1.8930615972589298
none,60,2025-07-11 12:00:00+00:00,2025-07-14 12:00:00+00:00,2025-07-15 12:00:00+00:00,1,3362.0,3346.9500034877233,3392.0999930245534,3346.9500034877233,-1.1337332536525515
none,61,2025-07-22 12:00:00+00:00,2025-07-23 12:00:00+00:00,2025-07-23 16:00:00+00:00,1,3416.89990234375,3402.54989188058,3445.5999232700897,3402.54989188058,-1.142566790701516
none,62,2025-07-25 12:00:00+00:00,2025-07-25 16:00:00+00:00,2025-07-28 12:00:00+00:00,-1,3339.800048828125,3356.514334542411,3306.3714773995534,3306.3714773995534,1.8807097418369396
none,63,2025-07-30 04:00:00+00:00,2025-07-30 08:00:00+00:00,2025-07-30 08:00:00+00:00,1,3376.60009765625,3358.6643589564733,3412.4715750558034,3358.6643589564733,-1.1126565998092386
none,64,2025-08-01 16:00:00+00:00,2025-08-03 20:00:00+00:00,2025-08-04 12:00:00+00:00,1,3399.800048828125,3384.228672572545,3430.9428013392853,3430.9428013392853,1.8683980900971509
none,65,2025-08-05 12:00:00+00:00,2025-08-05 16:00:00+00:00,2025-08-06 08:00:00+00:00,1,3439.5,3419.614240373884,3479.271519252232,3419.614240373884,-1.1034777806229612
none,66,2025-08-07 04:00:00+00:00,2025-08-07 08:00:00+00:00,2025-08-07 20:00:00+00:00,1,3447.0,3430.4999651227677,3480.0000697544647,3480.0000697544647,1.8740548104056545
none,67,2025-08-19 12:00:00+00:00,2025-08-19 16:00:00+00:00,2025-08-20 12:00:00+00:00,-1,3368.0,3380.0213797433034,3343.957240513393,3380.0213797433034,-1.1684005045303303
none,68,2025-08-26 12:00:00+00:00,2025-08-26 16:00:00+00:00,2025-08-28 12:00:00+00:00,1,3434.699951171875,3418.0071323939733,3468.0855887276784,3468.0855887276784,1.8759445190460415
none,69,2025-08-28 16:00:00+00:00,2025-08-29 00:00:00+00:00,2025-08-29 12:00:00+00:00,1,3471.0,3458.3285609654017,3496.3428780691966,3496.3428780691966,1.8350461334570098
none,70,2025-08-29 16:00:00+00:00,2025-08-29 20:00:00+00:00,2025-09-02 04:00:00+00:00,1,3515.300048828125,3501.32861328125,3543.242919921875,3564.300048828125,3.355139836091355
none,71,2025-09-03 12:00:00+00:00,2025-09-03 16:00:00+00:00,2025-09-04 00:00:00+00:00,1,3617.39990234375,3595.5713413783483,3661.0570242745534,3595.5713413783483,-1.0991311968089146
none,72,2025-09-05 12:00:00+00:00,2025-09-05 20:00:00+00:00,2025-09-08 12:00:00+00:00,1,3640.10009765625,3618.178641183036,3683.9430106026784,3683.9430106026784,1.8997688435910978
none,73,2025-09-23 08:00:00+00:00,2025-09-23 16:00:00+00:00,2025-09-24 12:00:00+00:00,1,3795.10009765625,3774.8000837053573,3835.7001255580353,3774.8000837053573,-1.1118703691486194
none,74,2025-10-06 12:00:00+00:00,2025-10-06 16:00:00+00:00,2025-10-08 00:00:00+00:00,1,3973.699951171875,3946.0285295758927,4029.0427943638397,4029.0427943638397,1.9132381827462999
none,75,2025-10-08 04:00:00+00:00,2025-10-08 20:00:00+00:00,2025-10-09 16:00:00+00:00,1,4038.699951171875,4013.3999372209823,4089.2999790736603,4013.3999372209823,-1.0954793926677904
none,76,2025-10-16 12:00:00+00:00,2025-10-17 12:00:00+00:00,2025-10-17 12:00:00+00:00,1,4264.0,4228.842843191965,4334.314313616071,4228.842843191965,-1.0724703896526486
none,77,2025-10-27 12:00:00+00:00,2025-10-27 16:00:00+00:00,2025-10-28 08:00:00+00:00,-1,4025.10009765625,4072.250069754464,3930.8001534598216,3930.8001534598216,1.949379183716946
none,78,2025-11-04 12:00:00+00:00,2025-11-04 16:00:00+00:00,2025-11-06 04:00:00+00:00,-1,3970.89990234375,4003.92129952567,3904.8571079799103,4003.92129952567,-1.072451397116254
none,79,2025-11-10 16:00:00+00:00,2025-11-10 20:00:00+00:00,2025-11-12 12:00:00+00:00,1,4115.0,4089.642839704241,4165.714320591518,4165.714320591518,1.9020310528780726
none,80,2025-11-12 16:00:00+00:00,2025-11-12 20:00:00+00:00,2025-11-13 16:00:00+00:00,1,4192.2998046875,4161.714093889509,4253.471226283482,4161.714093889509,-1.0819403605208262
none,81,2025-11-14 12:00:00+00:00,2025-11-14 16:00:00+00:00,2025-11-17 16:00:00+00:00,-1,4102.7998046875,4147.071219308035,4014.2569754464294,4014.2569754464294,1.9449957256863746
none,82,2025-11-25 08:00:00+00:00,2025-11-25 12:00:00+00:00,2025-11-25 12:00:00+00:00,1,4130.60009765625,4117.492867606027,4156.814557756696,4117.492867606027,-1.1887834332728917
none,83,2025-12-01 00:00:00+00:00,2025-12-01 04:00:00+00:00,2025-12-02 00:00:00+00:00,1,4261.0,4202.128627232143,4378.742745535714,4202.128627232143,-1.0431268793099364
none,84,2025-12-05 12:00:00+00:00,2025-12-05 16:00:00+00:00,2025-12-05 16:00:00+00:00,1,4273.2998046875,4232.364118303572,4355.171177455357,4232.364118303572,-1.0623343444877262
none,85,2025-12-11 16:00:00+00:00,2025-12-12 16:00:00+00:00,2025-12-15 00:00:00+00:00,1,4291.2001953125,4264.985909598215,4343.628766741071,4343.628766741071,1.9011817938947533
none,86,2025-12-23 00:00:00+00:00,2025-12-23 12:00:00+00:00,2025-12-23 12:00:00+00:00,1,4494.2001953125,4470.343052455357,4541.914481026786,4470.343052455357,-1.1127277893431875
none,87,2025-12-26 12:00:00+00:00,2025-12-26 16:00:00+00:00,2025-12-29 00:00:00+00:00,1,4555.10009765625,4518.62158203125,4628.05712890625,4518.62158203125,-1.0746224581035497
none,88,2026-01-05 12:00:00+00:00,2026-01-05 16:00:00+00:00,2026-01-11 20:00:00+00:00,1,4451.7001953125,4411.121616908482,4532.857352120536,4538.10009765625,2.0627376696757582
none,89,2026-01-12 12:00:00+00:00,2026-01-12 16:00:00+00:00,2026-01-13 20:00:00+00:00,1,4612.7001953125,4577.543003627232,4683.014578683036,4577.543003627232,-1.0784213080602003
none,90,2026-01-16 12:00:00+00:00,2026-01-16 16:00:00+00:00,2026-01-19 04:00:00+00:00,-1,4576.7001953125,4610.828752790178,4508.443080357143,4610.828752790178,-1.0807610660436944
none,91,2026-01-20 16:00:00+00:00,2026-01-20 20:00:00+00:00,2026-01-21 00:00:00+00:00,1,4756.60009765625,4719.814383370535,4830.171526227679,4830.171526227679,1.9218166197663844
none,92,2026-01-21 04:00:00+00:00,2026-01-21 12:00:00+00:00,2026-01-21 16:00:00+00:00,1,4852.60009765625,4810.121512276785,4937.557268415179,4810.121512276785,-1.068241831903877
none,93,2026-01-28 08:00:00+00:00,2026-01-28 12:00:00+00:00,2026-01-28 20:00:00+00:00,1,5288.0,5228.200125558035,5407.599748883929,5407.599748883929,1.946343032412565
none,94,2026-02-12 16:00:00+00:00,2026-02-13 00:00:00+00:00,2026-02-13 16:00:00+00:00,-1,5002.60009765625,5061.764404296875,4884.271484375,5061.764404296875,-1.051032616150237
none,95,2026-02-20 16:00:00+00:00,2026-02-20 20:00:00+00:00,2026-02-22 20:00:00+00:00,1,5084.5,5037.8857421875,5177.728515625,5177.728515625,1.933954358619823
none,96,2026-02-23 12:00:00+00:00,2026-02-23 16:00:00+00:00,2026-02-24 12:00:00+00:00,1,5198.7998046875,5146.621233258928,5303.156947544643,5146.621233258928,-1.0594808601771046
none,97,2026-02-27 16:00:00+00:00,2026-02-27 20:00:00+00:00,2026-03-01 20:00:00+00:00,1,5265.0,5226.142822265625,5342.71435546875,5364.2001953125,2.4708803071142698
none,98,2026-03-02 04:00:00+00:00,2026-03-02 08:00:00+00:00,2026-03-02 12:00:00+00:00,1,5409.7001953125,5356.4072265625,5516.2861328125,5356.4072265625,-1.0606052224584035
none,99,2026-03-10 12:00:00+00:00,2026-03-10 16:00:00+00:00,2026-03-11 20:00:00+00:00,1,5204.0,5141.464285714285,5329.071428571429,5141.464285714285,-1.0496298686464873
none,100,2026-03-13 12:00:00+00:00,2026-03-13 16:00:00+00:00,2026-03-18 08:00:00+00:00,-1,5058.2001953125,5107.393031529018,4959.814522879464,4959.814522879464,1.9389056487365446
none,101,2026-03-19 08:00:00+00:00,2026-03-20 00:00:00+00:00,2026-03-20 12:00:00+00:00,-1,4727.2998046875,4782.699916294643,4616.499581473214,4616.499581473214,1.9494019103115527
none,102,2026-03-20 16:00:00+00:00,2026-03-20 20:00:00+00:00,2026-03-23 04:00:00+00:00,-1,4505.0,4598.0,4319.0,4319.0,1.9715354838709678
none,103,2026-04-01 12:00:00+00:00,2026-04-01 16:00:00+00:00,2026-04-02 00:00:00+00:00,1,4791.5,4727.442801339285,4919.614397321429,4727.442801339285,-1.0445802017588561
none,104,2026-04-14 12:00:00+00:00,2026-04-15 08:00:00+00:00,2026-04-17 12:00:00+00:00,1,4826.0,4782.449986049107,4913.100027901786,4913.100027901786,1.932910928302685
none,105,2026-04-21 16:00:00+00:00,2026-04-21 20:00:00+00:00,2026-04-28 08:00:00+00:00,-1,4740.89990234375,4795.971400669643,4630.756905691964,4630.756905691964,1.9489482376932385
none,106,2026-04-29 12:00:00+00:00,2026-04-29 16:00:00+00:00,2026-04-30 04:00:00+00:00,-1,4564.5,4601.557059151785,4490.385881696429,4601.557059151785,-1.0742049472000008
none,107,2026-05-06 04:00:00+00:00,2026-05-06 12:00:00+00:00,2026-05-07 04:00:00+00:00,1,4673.0,4634.235735212053,4750.528529575893,4750.528529575893,1.9270704971618133
none,108,2026-05-15 08:00:00+00:00,2026-05-15 12:00:00+00:00,2026-05-18 00:00:00+00:00,-1,4560.10009765625,4595.54296875,4489.21435546875,4489.21435546875,1.9234036563020926
none,109,2026-05-27 08:00:00+00:00,2026-05-27 12:00:00+00:00,2026-05-28 00:00:00+00:00,-1,4478.5,4511.878557477678,4411.742885044643,4411.742885044643,1.9200962214350645
none,110,2026-05-29 12:00:00+00:00,2026-05-29 16:00:00+00:00,2026-06-01 04:00:00+00:00,1,4574.39990234375,4526.142717633928,4670.914271763393,4526.142717633928,-1.0565752602935754
none,111,2026-06-05 16:00:00+00:00,2026-06-05 20:00:00+00:00,2026-06-09 16:00:00+00:00,-1,4358.7998046875,4400.39275251116,4275.613909040179,4275.613909040179,1.9377220358340461
none,112,2026-06-10 00:00:00+00:00,2026-06-10 04:00:00+00:00,2026-06-10 12:00:00+00:00,-1,4233.0,4277.535714285715,4143.928571428571,4143.928571428571,1.943571611868485
none,113,2026-06-10 16:00:00+00:00,2026-06-11 00:00:00+00:00,2026-06-11 16:00:00+00:00,-1,4129.60009765625,4175.950055803572,4036.900181361607,4175.950055803572,-1.0537576547128324
none,114,2026-06-15 12:00:00+00:00,2026-06-15 16:00:00+00:00,2026-06-17 16:00:00+00:00,1,4368.89990234375,4318.457118443081,4469.785470145089,4318.457118443081,-1.0516665993567706
none,115,2026-06-18 16:00:00+00:00,2026-06-18 20:00:00+00:00,2026-06-23 04:00:00+00:00,-1,4237.39990234375,4282.242745535715,4147.714215959821,4147.714215959821,1.943903328682294
none,116,2026-06-24 12:00:00+00:00,2026-06-25 12:00:00+00:00,2026-06-26 12:00:00+00:00,-1,4053.89990234375,4104.492780412947,3952.714146205357,4104.492780412947,-1.048376726097288
none,117,2026-07-02 12:00:00+00:00,2026-07-02 16:00:00+00:00,2026-07-08 08:00:00+00:00,1,4131.0,4088.1500069754466,4216.699986049107,4088.1500069754466,-1.0575436500229938
none,118,2026-07-08 12:00:00+00:00,2026-07-08 16:00:00+00:00,2026-07-08 16:00:00+00:00,-1,4050.0,4090.7498953683034,3968.500209263393,4090.7498953683034,-1.0599320549546767
none,119,2026-07-13 12:00:00+00:00,2026-07-14 04:00:00+00:00,2026-07-14 12:00:00+00:00,-1,4032.5,4061.8428780691966,3973.814243861607,4061.8428780691966,-1.0827561242525126
none,120,2026-07-22 12:00:00+00:00,2026-07-22 16:00:00+00:00,2026-07-22 20:00:00+00:00,1,4146.0,4115.321428571428,4207.357142857143,4115.321428571428,-1.0807859138533176
none,121,2026-08-07 12:00:00+00:00,2026-08-10 00:00:00+00:00,2026-08-11 00:00:00+00:00,1,4387.10009765625,4345.328717912947,4470.642857142857,4470.642857142857,1.936384124662156
none,122,2026-08-19 16:00:00+00:00,2026-08-20 00:00:00+00:00,2026-08-20 12:00:00+00:00,1,4557.60009765625,4517.449986049107,4637.900320870536,4517.449986049107,-1.067808404911812
none,123,2026-08-21 08:00:00+00:00,2026-08-21 12:00:00+00:00,2026-08-24 00:00:00+00:00,1,4625.0,4581.764229910715,4711.471540178571,4711.471540178571,1.9352170331124112
none,124,2026-08-31 00:00:00+00:00,2026-08-31 04:00:00+00:00,2026-09-01 12:00:00+00:00,-1,4485.2001953125,4531.400181361607,4392.800223214286,4392.800223214286,1.9423506292247132
none,125,2026-09-02 00:00:00+00:00,2026-09-02 04:00:00+00:00,2026-09-02 12:00:00+00:00,-1,4367.7001953125,4407.543003627232,4288.014578683036,4407.543003627232,-1.0660739810027027
none,126,2026-09-03 12:00:00+00:00,2026-09-04 00:00:00+00:00,2026-09-04 12:00:00+00:00,1,4514.89990234375,4474.057059151785,4596.585588727679,4474.057059151785,-1.0660259393738583
none,127,2026-09-23 12:00:00+00:00,2026-09-23 16:00:00+00:00,2026-09-28 00:00:00+00:00,-1,4327.60009765625,4363.214460100447,4256.371372767857,4256.371372767857,1.9276923335308263
none,128,2026-09-28 12:00:00+00:00,2026-09-28 16:00:00+00:00,2026-09-29 20:00:00+00:00,-1,4172.7001953125,4211.80011858259,4094.5003487723206,4211.80011858259,-1.064331330698357
align,0,2024-06-20 12:00:00+00:00,2024-06-21 12:00:00+00:00,2024-06-21 12:00:00+00:00,1,2359.199951171875,2348.2070835658483,2381.1856863839284,2348.2070835658483,-1.128467126234385
align,1,2024-07-05 12:00:00+00:00,2024-07-08 08:00:00+00:00,2024-07-08 12:00:00+00:00,1,2376.300048828125,2363.835710797991,2401.228724888393,2363.835710797991,-1.1140887485921738
align,2,2024-07-15 12:00:00+00:00,2024-07-15 16:00:00+00:00,2024-07-16 12:00:00+00:00,1,2430.39990234375,2416.6285400390625,2457.942626953125,2457.942626953125,1.8935106980454728
align,3,2024-07-16 16:00:00+00:00,2024-07-17 00:00:00+00:00,2024-07-17 16:00:00+00:00,1,2470.199951171875,2456.9785679408483,2496.6427176339284,2456.9785679408483,-1.1118002201361974
align,4,2024-07-24 12:00:00+00:00,2024-07-24 16:00:00+00:00,2024-07-24 16:00:00+00:00,1,2423.89990234375,2412.985578264509,2445.728550502232,2412.985578264509,-1.1329505733609657
align,5,2024-07-31 16:00:00+00:00,2024-08-01 08:00:00+00:00,2024-08-02 12:00:00+00:00,1,2474.199951171875,2450.7713623046875,2521.05712890625,2521.05712890625,1.9360363898774013
align,6,2024-08-12 16:00:00+00:00,2024-08-13 04:00:00+00:00,2024-08-14 12:00:00+00:00,1,2500.300048828125,2490.185791015625,2520.528564453125,2490.185791015625,-1.148023293424737
align,7,2024-08-16 16:00:00+00:00,2024-08-19 00:00:00+00:00,2024-08-20 12:00:00+00:00,1,2538.699951171875,2523.128574916295,2569.8427036830353,2569.8427036830353,1.9015782053363932
align,8,2024-09-20 12:00:00+00:00,2024-09-23 00:00:00+00:00,2024-09-24 16:00:00+00:00,1,2640.699951171875,2623.314226422991,2675.471400669643,2675.471400669643,1.9082666136391684
align,9,2024-09-26 08:00:00+00:00,2024-09-26 12:00:00+00:00,2024-09-26 12:00:00+00:00,1,2694.89990234375,2681.414236886161,2721.8712332589284,2681.414236886161,-1.1196006416473352
align,10,2024-10-11 12:00:00+00:00,2024-10-11 16:00:00+00:00,2024-10-15 04:00:00+00:00,1,2672.39990234375,2659.964198521205,2697.2713099888397,2659.964198521205,-1.1286384150898925
align,11,2024-10-17 12:00:00+00:00,2024-10-17 16:00:00+00:00,2024-10-18 04:00:00+00:00,1,2704.199951171875,2692.4285714285716,2727.742710658482,2727.742710658482,1.8615639938490514
align,12,2024-10-18 12:00:00+00:00,2024-10-18 16:00:00+00:00,2024-10-21 12:00:00+00:00,1,2729.300048828125,2717.2572195870534,2753.385707310268,2753.385707310268,1.8634203230888653
align,13,2024-10-29 16:00:00+00:00,2024-10-30 12:00:00+00:00,2024-10-31 12:00:00+00:00,1,2784.0,2771.964285714286,2808.0714285714284,2771.964285714286,-1.1384869436201788
align,14,2024-12-10 12:00:00+00:00,2024-12-10 16:00:00+00:00,2024-12-13 08:00:00+00:00,1,2700.0,2667.457188197545,2765.0856236049103,2667.457188197545,-1.0494805785755053
align,15,2025-01-16 00:00:00+00:00,2025-01-16 04:00:00+00:00,2025-01-16 12:00:00+00:00,1,2725.199951171875,2713.314208984375,2748.971435546875,2748.971435546875,1.8618301331032783
align,16,2025-01-30 12:00:00+00:00,2025-01-30 16:00:00+00:00,2025-01-30 20:00:00+00:00,1,2819.199951171875,2803.507062639509,2850.585728236607,2850.585728236607,1.8916110504248829
align,17,2025-02-05 08:00:00+00:00,2025-02-05 12:00:00+00:00,2025-02-06 12:00:00+00:00,1,2890.5,2861.8500453404017,2947.7999093191966,2861.8500453404017,-1.0602341272126228
align,18,2025-02-10 08:00:00+00:00,2025-02-10 12:00:00+00:00,2025-02-11 00:00:00+00:00,1,2922.0,2905.4571707589284,2955.085658482143,2955.085658482143,1.8934205466397938
align,19,2025-03-04 08:00:00+00:00,2025-03-04 12:00:00+00:00,2025-03-06 08:00:00+00:00,1,2919.199951171875,2901.3285609654017,2954.9427315848216,2901.3285609654017,-1.0977069233824182
align,20,2025-03-13 16:00:00+00:00,2025-03-14 12:00:00+00:00,2025-03-18 00:00:00+00:00,1,2990.89990234375,2976.349923270089,3019.9998604910716,3019.9998604910716,1.8760637441661459
align,21,2025-03-18 12:00:00+00:00,2025-03-18 16:00:00+00:00,2025-03-20 00:00:00+00:00,1,3038.0,3025.97860281808,3062.0427943638397,3062.0427943638397,1.8477703705637905
align,22,2025-03-27 08:00:00+00:00,2025-03-27 12:00:00+00:00,2025-03-28 00:00:00+00:00,1,3047.0,3033.9214390345983,3073.1571219308034,3073.1571219308034,1.8596139788286836
align,23,2025-03-28 04:00:00+00:00,2025-03-28 08:00:00+00:00,2025-03-28 12:00:00+00:00,1,3087.39990234375,3071.3927699497767,3119.4141671316966,3119.4141671316966,1.883674091335454
align,24,2025-03-31 00:00:00+00:00,2025-03-31 04:00:00+00:00,2025-04-02 20:00:00+00:00,1,3128.300048828125,3098.3143310546875,3188.271484375,3188.271484375,1.936804198776273
align,25,2025-04-10 12:00:00+00:00,2025-04-10 16:00:00+00:00,2025-04-11 08:00:00+00:00,1,3149.39990234375,3100.528494698661,3247.1427176339284,3247.1427176339284,1.9607344482498015
align,26,2025-04-11 12:00:00+00:00,2025-04-11 16:00:00+00:00,2025-04-14 08:00:00+00:00,1,3255.89990234375,3206.207048688616,3355.285609654018,3206.207048688616,-1.0390122913601163
align,27,2025-04-16 08:00:00+00:00,2025-04-16 12:00:00+00:00,2025-04-21 00:00:00+00:00,1,3317.800048828125,3288.342930385045,3376.7142857142853,3376.7142857142853,1.9318210875159614
align,28,2025-04-21 12:00:00+00:00,2025-04-21 16:00:00+00:00,2025-04-22 00:00:00+00:00,1,3417.300048828125,3388.42147391183,3475.0571986607147,3475.0571986607147,1.928399958092117
align,29,2025-05-06 12:00:00+00:00,2025-05-06 20:00:00+00:00,2025-05-07 00:00:00+00:00,1,3395.0,3367.564296177455,3449.8714076450897,3367.564296177455,-1.0739463183439868
align,30,2025-05-21 00:00:00+00:00,2025-05-21 04:00:00+00:00,2025-05-22 12:00:00+00:00,1,3307.89990234375,3281.03564453125,3361.62841796875,3281.03564453125,-1.0735803191682722
align,31,2025-05-23 12:00:00+00:00,2025-05-25 20:00:00+00:00,2025-05-26 08:00:00+00:00,1,3350.60009765625,3325.750069754464,3400.3001534598216,3325.750069754464,-1.0805997103157892
align,32,2025-06-02 12:00:00+00:00,2025-06-03 00:00:00+00:00,2025-06-03 12:00:00+00:00,1,3385.60009765625,3361.735857282366,3433.328578404018,3361.735857282366,-1.0848215050958327
align,33,2025-06-12 08:00:00+00:00,2025-06-12 12:00:00+00:00,2025-06-13 00:00:00+00:00,1,3398.39990234375,3373.4427664620534,3448.314174107143,3448.314174107143,1.9176983195238493
align,34,2025-07-11 12:00:00+00:00,2025-07-14 12:00:00+00:00,2025-07-15 12:00:00+00:00,1,3362.0,3346.9500034877233,3392.0999930245534,3346.9500034877233,-1.1337332536525515
align,35,2025-07-22 12:00:00+00:00,2025-07-23 12:00:00+00:00,2025-07-23 16:00:00+00:00,1,3416.89990234375,3402.54989188058,3445.5999232700897,3402.54989188058,-1.142566790701516
align,36,2025-08-05 12:00:00+00:00,2025-08-05 16:00:00+00:00,2025-08-06 08:00:00+00:00,1,3439.5,3419.614240373884,3479.271519252232,3419.614240373884,-1.1034777806229612
align,37,2025-08-07 04:00:00+00:00,2025-08-07 08:00:00+00:00,2025-08-07 20:00:00+00:00,1,3447.0,3430.4999651227677,3480.0000697544647,3480.0000697544647,1.8740548104056545
align,38,2025-08-26 12:00:00+00:00,2025-08-26 16:00:00+00:00,2025-08-28 12:00:00+00:00,1,3434.699951171875,3418.0071323939733,3468.0855887276784,3468.0855887276784,1.8759445190460415
align,39,2025-08-28 16:00:00+00:00,2025-08-29 00:00:00+00:00,2025-08-29 12:00:00+00:00,1,3471.0,3458.3285609654017,3496.3428780691966,3496.3428780691966,1.8350461334570098
align,40,2025-08-29 16:00:00+00:00,2025-08-29 20:00:00+00:00,2025-09-02 04:00:00+00:00,1,3515.300048828125,3501.32861328125,3543.242919921875,3564.300048828125,3.355139836091355
align,41,2025-09-03 12:00:00+00:00,2025-09-03 16:00:00+00:00,2025-09-04 00:00:00+00:00,1,3617.39990234375,3595.5713413783483,3661.0570242745534,3595.5713413783483,-1.0991311968089146
align,42,2025-09-05 12:00:00+00:00,2025-09-05 20:00:00+00:00,2025-09-08 12:00:00+00:00,1,3640.10009765625,3618.178641183036,3683.9430106026784,3683.9430106026784,1.8997688435910978
align,43,2025-09-23 08:00:00+00:00,2025-09-23 16:00:00+00:00,2025-09-24 12:00:00+00:00,1,3795.10009765625,3774.8000837053573,3835.7001255580353,3774.8000837053573,-1.1118703691486194
align,44,2025-10-06 12:00:00+00:00,2025-10-06 16:00:00+00:00,2025-10-08 00:00:00+00:00,1,3973.699951171875,3946.0285295758927,4029.0427943638397,4029.0427943638397,1.9132381827462999
align,45,2025-10-08 04:00:00+00:00,2025-10-08 20:00:00+00:00,2025-10-09 16:00:00+00:00,1,4038.699951171875,4013.3999372209823,4089.2999790736603,4013.3999372209823,-1.0954793926677904
align,46,2025-10-16 12:00:00+00:00,2025-10-17 12:00:00+00:00,2025-10-17 12:00:00+00:00,1,4264.0,4228.842843191965,4334.314313616071,4228.842843191965,-1.0724703896526486
align,47,2025-11-10 16:00:00+00:00,2025-11-10 20:00:00+00:00,2025-11-12 12:00:00+00:00,1,4115.0,4089.642839704241,4165.714320591518,4165.714320591518,1.9020310528780726
align,48,2025-11-12 16:00:00+00:00,2025-11-12 20:00:00+00:00,2025-11-13 16:00:00+00:00,1,4192.2998046875,4161.714093889509,4253.471226283482,4161.714093889509,-1.0819403605208262
align,49,2025-11-25 08:00:00+00:00,2025-11-25 12:00:00+00:00,2025-11-25 12:00:00+00:00,1,4130.60009765625,4117.492867606027,4156.814557756696,4117.492867606027,-1.1887834332728917
align,50,2025-12-01 00:00:00+00:00,2025-12-01 04:00:00+00:00,2025-12-02 00:00:00+00:00,1,4261.0,4202.128627232143,4378.742745535714,4202.128627232143,-1.0431268793099364
align,51,2025-12-05 12:00:00+00:00,2025-12-05 16:00:00+00:00,2025-12-05 16:00:00+00:00,1,4273.2998046875,4232.364118303572,4355.171177455357,4232.364118303572,-1.0623343444877262
align,52,2025-12-11 16:00:00+00:00,2025-12-12 16:00:00+00:00,2025-12-15 00:00:00+00:00,1,4291.2001953125,4264.985909598215,4343.628766741071,4343.628766741071,1.9011817938947533
align,53,2025-12-23 00:00:00+00:00,2025-12-23 12:00:00+00:00,2025-12-23 12:00:00+00:00,1,4494.2001953125,4470.343052455357,4541.914481026786,4470.343052455357,-1.1127277893431875
align,54,2025-12-26 12:00:00+00:00,2025-12-26 16:00:00+00:00,2025-12-29 00:00:00+00:00,1,4555.10009765625,4518.62158203125,4628.05712890625,4518.62158203125,-1.0746224581035497
align,55,2026-01-05 12:00:00+00:00,2026-01-05 16:00:00+00:00,2026-01-11 20:00:00+00:00,1,4451.7001953125,4411.121616908482,4532.857352120536,4538.10009765625,2.0627376696757582
align,56,2026-01-12 12:00:00+00:00,2026-01-12 16:00:00+00:00,2026-01-13 20:00:00+00:00,1,4612.7001953125,4577.543003627232,4683.014578683036,4577.543003627232,-1.0784213080602003
align,57,2026-01-20 16:00:00+00:00,2026-01-20 20:00:00+00:00,2026-01-21 00:00:00+00:00,1,4756.60009765625,4719.814383370535,4830.171526227679,4830.171526227679,1.9218166197663844
align,58,2026-01-21 04:00:00+00:00,2026-01-21 12:00:00+00:00,2026-01-21 16:00:00+00:00,1,4852.60009765625,4810.121512276785,4937.557268415179,4810.121512276785,-1.068241831903877
align,59,2026-01-28 08:00:00+00:00,2026-01-28 12:00:00+00:00,2026-01-28 20:00:00+00:00,1,5288.0,5228.200125558035,5407.599748883929,5407.599748883929,1.946343032412565
align,60,2026-02-20 16:00:00+00:00,2026-02-20 20:00:00+00:00,2026-02-22 20:00:00+00:00,1,5084.5,5037.8857421875,5177.728515625,5177.728515625,1.933954358619823
align,61,2026-02-23 12:00:00+00:00,2026-02-23 16:00:00+00:00,2026-02-24 12:00:00+00:00,1,5198.7998046875,5146.621233258928,5303.156947544643,5146.621233258928,-1.0594808601771046
align,62,2026-02-27 16:00:00+00:00,2026-02-27 20:00:00+00:00,2026-03-01 20:00:00+00:00,1,5265.0,5226.142822265625,5342.71435546875,5364.2001953125,2.4708803071142698
align,63,2026-03-02 04:00:00+00:00,2026-03-02 08:00:00+00:00,2026-03-02 12:00:00+00:00,1,5409.7001953125,5356.4072265625,5516.2861328125,5356.4072265625,-1.0606052224584035
align,64,2026-03-10 12:00:00+00:00,2026-03-10 16:00:00+00:00,2026-03-11 20:00:00+00:00,1,5204.0,5141.464285714285,5329.071428571429,5141.464285714285,-1.0496298686464873
align,65,2026-05-15 08:00:00+00:00,2026-05-15 12:00:00+00:00,2026-05-18 00:00:00+00:00,-1,4560.10009765625,4595.54296875,4489.21435546875,4489.21435546875,1.9234036563020926
align,66,2026-05-27 08:00:00+00:00,2026-05-27 12:00:00+00:00,2026-05-28 00:00:00+00:00,-1,4478.5,4511.878557477678,4411.742885044643,4411.742885044643,1.9200962214350645
align,67,2026-06-05 16:00:00+00:00,2026-06-05 20:00:00+00:00,2026-06-09 16:00:00+00:00,-1,4358.7998046875,4400.39275251116,4275.613909040179,4275.613909040179,1.9377220358340461
align,68,2026-06-10 00:00:00+00:00,2026-06-10 04:00:00+00:00,2026-06-10 12:00:00+00:00,-1,4233.0,4277.535714285715,4143.928571428571,4143.928571428571,1.943571611868485
align,69,2026-06-10 16:00:00+00:00,2026-06-11 00:00:00+00:00,2026-06-11 16:00:00+00:00,-1,4129.60009765625,4175.950055803572,4036.900181361607,4175.950055803572,-1.0537576547128324
align,70,2026-06-18 16:00:00+00:00,2026-06-18 20:00:00+00:00,2026-06-23 04:00:00+00:00,-1,4237.39990234375,4282.242745535715,4147.714215959821,4147.714215959821,1.943903328682294
align,71,2026-06-24 12:00:00+00:00,2026-06-25 12:00:00+00:00,2026-06-26 12:00:00+00:00,-1,4053.89990234375,4104.492780412947,3952.714146205357,4104.492780412947,-1.048376726097288
align,72,2026-07-08 12:00:00+00:00,2026-07-08 16:00:00+00:00,2026-07-08 16:00:00+00:00,-1,4050.0,4090.7498953683034,3968.500209263393,4090.7498953683034,-1.0599320549546767
align,73,2026-07-13 12:00:00+00:00,2026-07-14 04:00:00+00:00,2026-07-14 12:00:00+00:00,-1,4032.5,4061.8428780691966,3973.814243861607,4061.8428780691966,-1.0827561242525126
align,74,2026-08-24 00:00:00+00:00,2026-08-24 04:00:00+00:00,2026-08-26 12:00:00+00:00,1,4690.39990234375,4652.478445870535,4766.242815290179,4652.478445870535,-1.073912337898837
align,75,2026-09-03 12:00:00+00:00,2026-09-04 00:00:00+00:00,2026-09-04 12:00:00+00:00,1,4514.89990234375,4474.057059151785,4596.585588727679,4474.057059151785,-1.0660259393738583
align+adx,0,2024-07-17 00:00:00+00:00,2024-07-17 04:00:00+00:00,2024-07-17 16:00:00+00:00,1,2474.800048828125,2460.5786655970983,2503.2428152901784,2460.5786655970983,-1.1041117864749836
align+adx,1,2024-07-24 12:00:00+00:00,2024-07-24 16:00:00+00:00,2024-07-24 16:00:00+00:00,1,2423.89990234375,2412.985578264509,2445.728550502232,2412.985578264509,-1.1329505733609657
align+adx,2,2024-07-31 16:00:00+00:00,2024-08-01 08:00:00+00:00,2024-08-02 12:00:00+00:00,1,2474.199951171875,2450.7713623046875,2521.05712890625,2521.05712890625,1.9360363898774013
align+adx,3,2024-08-16 16:00:00+00:00,2024-08-19 00:00:00+00:00,2024-08-20 12:00:00+00:00,1,2538.699951171875,2523.128574916295,2569.8427036830353,2569.8427036830353,1.9015782053363932
align+adx,4,2024-09-26 08:00:00+00:00,2024-09-26 12:00:00+00:00,2024-09-26 12:00:00+00:00,1,2694.89990234375,2681.414236886161,2721.8712332589284,2681.414236886161,-1.1196006416473352
align+adx,5,2024-10-11 12:00:00+00:00,2024-10-11 16:00:00+00:00,2024-10-15 04:00:00+00:00,1,2672.39990234375,2659.964198521205,2697.2713099888397,2659.964198521205,-1.1286384150898925
align+adx,6,2024-10-17 12:00:00+00:00,2024-10-17 16:00:00+00:00,2024-10-18 04:00:00+00:00,1,2704.199951171875,2692.4285714285716,2727.742710658482,2727.742710658482,1.8615639938490514
align+adx,7,2024-10-18 12:00:00+00:00,2024-10-18 16:00:00+00:00,2024-10-21 12:00:00+00:00,1,2729.300048828125,2717.2572195870534,2753.385707310268,2753.385707310268,1.8634203230888653
align+adx,8,2024-10-29 16:00:00+00:00,2024-10-30 12:00:00+00:00,2024-10-31 12:00:00+00:00,1,2784.0,2771.964285714286,2808.0714285714284,2771.964285714286,-1.1384869436201788
align+adx,9,2024-12-10 12:00:00+00:00,2024-12-10 16:00:00+00:00,2024-12-13 08:00:00+00:00,1,2700.0,2667.457188197545,2765.0856236049103,2667.457188197545,-1.0494805785755053
align+adx,10,2025-02-05 08:00:00+00:00,2025-02-05 12:00:00+00:00,2025-02-06 12:00:00+00:00,1,2890.5,2861.8500453404017,2947.7999093191966,2861.8500453404017,-1.0602341272126228
align+adx,11,2025-02-10 08:00:00+00:00,2025-02-10 12:00:00+00:00,2025-02-11 00:00:00+00:00,1,2922.0,2905.4571707589284,2955.085658482143,2955.085658482143,1.8934205466397938
align+adx,12,2025-03-04 08:00:00+00:00,2025-03-04 12:00:00+00:00,2025-03-06 08:00:00+00:00,1,2919.199951171875,2901.3285609654017,2954.9427315848216,2901.3285609654017,-1.0977069233824182
align+adx,13,2025-03-27 08:00:00+00:00,2025-03-27 12:00:00+00:00,2025-03-28 00:00:00+00:00,1,3047.0,3033.9214390345983,3073.1571219308034,3073.1571219308034,1.8596139788286836
align+adx,14,2025-03-28 04:00:00+00:00,2025-03-28 08:00:00+00:00,2025-03-28 12:00:00+00:00,1,3087.39990234375,3071.3927699497767,3119.4141671316966,3119.4141671316966,1.883674091335454
align+adx,15,2025-03-31 00:00:00+00:00,2025-03-31 04:00:00+00:00,2025-04-02 20:00:00+00:00,1,3128.300048828125,3098.3143310546875,3188.271484375,3188.271484375,1.936804198776273
align+adx,16,2025-04-10 12:00:00+00:00,2025-04-10 16:00:00+00:00,2025-04-11 08:00:00+00:00,1,3149.39990234375,3100.528494698661,3247.1427176339284,3247.1427176339284,1.9607344482498015
align+adx,17,2025-04-11 12:00:00+00:00,2025-04-11 16:00:00+00:00,2025-04-14 08:00:00+00:00,1,3255.89990234375,3206.207048688616,3355.285609654018,3206.207048688616,-1.0390122913601163
align+adx,18,2025-04-16 08:00:00+00:00,2025-04-16 12:00:00+00:00,2025-04-21 00:00:00+00:00,1,3317.800048828125,3288.342930385045,3376.7142857142853,3376.7142857142853,1.9318210875159614
align+adx,19,2025-04-21 12:00:00+00:00,2025-04-21 16:00:00+00:00,2025-04-22 00:00:00+00:00,1,3417.300048828125,3388.42147391183,3475.0571986607147,3475.0571986607147,1.928399958092117
align+adx,20,2025-05-06 12:00:00+00:00,2025-05-06 20:00:00+00:00,2025-05-07 00:00:00+00:00,1,3395.0,3367.564296177455,3449.8714076450897,3367.564296177455,-1.0739463183439868
align+adx,21,2025-05-21 00:00:00+00:00,2025-05-21 04:00:00+00:00,2025-05-22 12:00:00+00:00,1,3307.89990234375,3281.03564453125,3361.62841796875,3281.03564453125,-1.0735803191682722
align+adx,22,2025-09-05 12:00:00+00:00,2025-09-05 20:00:00+00:00,2025-09-08 12:00:00+00:00,1,3640.10009765625,3618.178641183036,3683.9430106026784,3683.9430106026784,1.8997688435910978
align+adx,23,2025-09-23 08:00:00+00:00,2025-09-23 16:00:00+00:00,2025-09-24 12:00:00+00:00,1,3795.10009765625,3774.8000837053573,3835.7001255580353,3774.8000837053573,-1.1118703691486194
align+adx,24,2025-10-06 12:00:00+00:00,2025-10-06 16:00:00+00:00,2025-10-08 00:00:00+00:00,1,3973.699951171875,3946.0285295758927,4029.0427943638397,4029.0427943638397,1.9132381827462999
align+adx,25,2025-10-08 04:00:00+00:00,2025-10-08 20:00:00+00:00,2025-10-09 16:00:00+00:00,1,4038.699951171875,4013.3999372209823,4089.2999790736603,4013.3999372209823,-1.0954793926677904
align+adx,26,2025-10-16 12:00:00+00:00,2025-10-17 12:00:00+00:00,2025-10-17 12:00:00+00:00,1,4264.0,4228.842843191965,4334.314313616071,4228.842843191965,-1.0724703896526486
align+adx,27,2025-11-10 16:00:00+00:00,2025-11-10 20:00:00+00:00,2025-11-12 12:00:00+00:00,1,4115.0,4089.642839704241,4165.714320591518,4165.714320591518,1.9020310528780726
align+adx,28,2025-11-12 16:00:00+00:00,2025-11-12 20:00:00+00:00,2025-11-13 16:00:00+00:00,1,4192.2998046875,4161.714093889509,4253.471226283482,4161.714093889509,-1.0819403605208262
align+adx,29,2025-12-05 12:00:00+00:00,2025-12-05 16:00:00+00:00,2025-12-05 16:00:00+00:00,1,4273.2998046875,4232.364118303572,4355.171177455357,4232.364118303572,-1.0623343444877262
align+adx,30,2025-12-11 16:00:00+00:00,2025-12-12 16:00:00+00:00,2025-12-15 00:00:00+00:00,1,4291.2001953125,4264.985909598215,4343.628766741071,4343.628766741071,1.9011817938947533
align+adx,31,2025-12-23 00:00:00+00:00,2025-12-23 12:00:00+00:00,2025-12-23 12:00:00+00:00,1,4494.2001953125,4470.343052455357,4541.914481026786,4470.343052455357,-1.1127277893431875
align+adx,32,2025-12-26 12:00:00+00:00,2025-12-26 16:00:00+00:00,2025-12-29 00:00:00+00:00,1,4555.10009765625,4518.62158203125,4628.05712890625,4518.62158203125,-1.0746224581035497
align+adx,33,2026-01-05 12:00:00+00:00,2026-01-05 16:00:00+00:00,2026-01-11 20:00:00+00:00,1,4451.7001953125,4411.121616908482,4532.857352120536,4538.10009765625,2.0627376696757582
align+adx,34,2026-01-12 12:00:00+00:00,2026-01-12 16:00:00+00:00,2026-01-13 20:00:00+00:00,1,4612.7001953125,4577.543003627232,4683.014578683036,4577.543003627232,-1.0784213080602003
align+adx,35,2026-01-20 16:00:00+00:00,2026-01-20 20:00:00+00:00,2026-01-21 00:00:00+00:00,1,4756.60009765625,4719.814383370535,4830.171526227679,4830.171526227679,1.9218166197663844
align+adx,36,2026-01-21 04:00:00+00:00,2026-01-21 12:00:00+00:00,2026-01-21 16:00:00+00:00,1,4852.60009765625,4810.121512276785,4937.557268415179,4810.121512276785,-1.068241831903877
align+adx,37,2026-01-28 08:00:00+00:00,2026-01-28 12:00:00+00:00,2026-01-28 20:00:00+00:00,1,5288.0,5228.200125558035,5407.599748883929,5407.599748883929,1.946343032412565
align+adx,38,2026-02-20 16:00:00+00:00,2026-02-20 20:00:00+00:00,2026-02-22 20:00:00+00:00,1,5084.5,5037.8857421875,5177.728515625,5177.728515625,1.933954358619823
align+adx,39,2026-05-27 08:00:00+00:00,2026-05-27 12:00:00+00:00,2026-05-28 00:00:00+00:00,-1,4478.5,4511.878557477678,4411.742885044643,4411.742885044643,1.9200962214350645
align+adx,40,2026-06-05 16:00:00+00:00,2026-06-05 20:00:00+00:00,2026-06-09 16:00:00+00:00,-1,4358.7998046875,4400.39275251116,4275.613909040179,4275.613909040179,1.9377220358340461
align+adx,41,2026-06-10 00:00:00+00:00,2026-06-10 04:00:00+00:00,2026-06-10 12:00:00+00:00,-1,4233.0,4277.535714285715,4143.928571428571,4143.928571428571,1.943571611868485
align+adx,42,2026-06-10 16:00:00+00:00,2026-06-11 00:00:00+00:00,2026-06-11 16:00:00+00:00,-1,4129.60009765625,4175.950055803572,4036.900181361607,4175.950055803572,-1.0537576547128324
align+adx,43,2026-06-18 16:00:00+00:00,2026-06-18 20:00:00+00:00,2026-06-23 04:00:00+00:00,-1,4237.39990234375,4282.242745535715,4147.714215959821,4147.714215959821,1.943903328682294
align+adx,44,2026-06-24 12:00:00+00:00,2026-06-25 12:00:00+00:00,2026-06-26 12:00:00+00:00,-1,4053.89990234375,4104.492780412947,3952.714146205357,4104.492780412947,-1.048376726097288
align+adx,45,2026-07-08 12:00:00+00:00,2026-07-08 16:00:00+00:00,2026-07-08 16:00:00+00:00,-1,4050.0,4090.7498953683034,3968.500209263393,4090.7498953683034,-1.0599320549546767
align+adx,46,2026-07-13 12:00:00+00:00,2026-07-14 04:00:00+00:00,2026-07-14 12:00:00+00:00,-1,4032.5,4061.8428780691966,3973.814243861607,4061.8428780691966,-1.0827561242525126
align+adx,47,2026-08-24 00:00:00+00:00,2026-08-24 04:00:00+00:00,2026-08-26 12:00:00+00:00,1,4690.39990234375,4652.478445870535,4766.242815290179,4652.478445870535,-1.073912337898837
align+adx,48,2026-09-03 12:00:00+00:00,2026-09-04 00:00:00+00:00,2026-09-04 12:00:00+00:00,1,4514.89990234375,4474.057059151785,4596.585588727679,4474.057059151785,-1.0660259393738583
